rainfall,humidity,pressure,temperature,cloudburst
9.385361799537183,53.32179822929619,1016.1890218468939,26.39520646100069,0
24.625001234091805,85.1577292720979,1008.3052561406505,27.712800217929825,0
4.013579774993267,61.42929751368788,1003.7591716225289,11.937254936531993,0
6.88445985107883,84.25554523595355,1002.8716887966558,26.571236662976368,0
6.910310240048045,59.449842974388886,991.6037934392376,21.852625195378746,0
14.440583100662554,78.96580700368912,1007.5561727547482,25.55461294854933,0
18.706660412992203,60.996192248411326,1022.4743982104663,26.45517000631091,0
11.601816851707966,60.46660389588041,1012.8650277526207,19.711445355220498,0
0.6998744288695817,66.55824319252065,1016.8934891325613,18.67440443038679,0
14.682217918184573,86.37988396536507,999.7181395110157,25.984306179345616,0
69.85614265472452,73.27957474080793,1021.8176103894862,19.954573285674464,1
6.331208864176514,46.25058679694669,1008.3936122904021,30.285611131094576,0
6.596056802684984,53.041715429776495,1014.3442888262803,27.910613973565198,0
26.11325817575998,83.31622689390036,1004.6078247677736,23.453938120743928,0
39.770591433164455,47.37770065678776,1023.9964697578482,24.111339393646723,0
7.866284263682627,63.84425036970549,1021.125258223942,31.781200142854114,0
43.645038248030296,54.43255185226777,1012.2419625497181,29.864817668778937,0
16.477749897716578,81.93393195843913,1012.6417396089005,32.82321827907003,0
14.79357677554534,64.02042414977198,1012.3913591252525,17.906247707042986,0
14.208743542683802,85.63737426009132,1010.8032811216249,26.78556285755873,0
10.565639497653452,58.161125069531195,1020.4371128377122,23.939192891441866,0
3.516167170001257,63.59696808940416,1022.1540211770207,26.643755548298422,0
32.559378814811126,90.57793200324664,1014.7555329395483,23.45355726777711,0
2.3318432024770166,80.09688254160963,1009.0789184686785,17.682425259339407,0
34.0765945327789,30.17235928654795,1016.4551794388876,23.022417742098533,0
8.238171597248648,65.66294715295086,1011.38714288334,27.020254284072692,0
14.629056115203039,55.854147872991064,1027.039587386593,24.9072459774418,0
7.158609201580935,44.89743067014665,1013.6023020994103,37.316210562426434,0
1.0570217476078496,77.16631149150291,1010.409713552611,22.126453961933002,0
13.445442189472725,63.677526694901744,1024.4282281451501,28.759665163433873,0
5.426663446716116,57.97258234975459,1026.8401571893269,32.02602652939094,0
15.347704999046975,90.88488630237855,1003.0946367486931,22.16851135198614,0
0.832595195886904,95.59907430517693,1021.7358941563538,25.045721728700688,0
5.136482941099153,64.51691054751186,1002.376962862739,27.36796215317591,0
23.484250551354382,79.30822323942603,1011.3906262313693,23.058678005116928,0
2.4088857007399285,56.717314392567275,1021.1351721736967,18.845678417830225,0
33.989681452784424,90.45829786625657,1038.3916271626933,23.377545210855533,0
45.50246450389046,66.91199924356742,1015.5988279424843,28.90911435888655,0
8.280930196226478,89.49095221396732,1004.3285384395044,28.088204227555725,0
1.757834523921681,88.25606195470165,1015.9307247329868,21.42824290986816,0
0.10148874103594005,72.62249517987208,1000.8314510764076,30.246736961604327,0
5.07899734616049,89.87658492271302,1003.2531832977268,28.93542301871226,0
7.872698178361689,81.5496603989619,1025.6838952240391,27.12243122028225,0
16.800886111745147,84.10803377443014,1010.5461188399713,21.23131917821255,0
6.163202957176623,83.18010322286344,1010.6040549180619,31.04690985343317,0
13.968706487775409,78.06940005537993,1010.3534316676204,38.600845832948096,0
4.34429790650477,55.5547656090081,1022.7718000081308,25.209900322350116,0
3.898671404496454,67.94092274353275,1010.7653721467415,28.57000247046046,0
0.31154630743888767,68.13801416677511,1020.4034081794774,22.737688838276654,0
9.725838641973873,81.65574692355412,1008.5348504793297,29.28199397161736,0
3.714372325915096,80.65163860545931,1013.924788715511,28.150374693005038,0
2.044563946986458,96.44406208454842,1013.58208718446,19.285148510846884,0
41.97217275801589,83.0867073649068,1023.6619854409773,20.204959517866108,0
6.951241685341904,90.73006906257915,1018.1503526720866,27.568929754561044,0
40.3590009473583,70.35897721698755,1021.7191398881239,32.186781641667636,0
20.994381497756006,70.10959559110948,1022.540017634932,28.25695625652899,0
44.14646952693534,52.71151942509977,997.9923160679283,25.825113990546694,0
0.7320820842171399,57.16106623255948,1036.146585666735,15.66367403704126,0
6.75261320629045,63.78202291915163,1013.8019871254081,20.534398631853882,0
14.773071765580312,64.97774128907899,1005.8469629074003,28.39798874467338,0
19.504392373129857,100.0,1031.4341375832053,31.81717745475852,0
74.47114017399986,82.43148966407313,992.748574133424,25.93227157384714,1
31.713079594653728,63.33251883671226,996.3086764090947,21.140904611216225,0
3.806130722842175,94.91952595912231,1008.2505468883904,21.73335383713144,0
15.935812966266292,84.18072535131351,1025.6640685537288,26.886481327302047,0
18.920609440748702,94.77026479719235,997.8063003404599,22.578829635668743,0
8.800282586462249,66.43912058189997,1031.720056804723,24.90278929550226,0
12.829006641887425,56.011125151583784,1010.4743184860683,18.761084090175753,0
10.166732291664138,93.14601477788625,1026.2326380715124,24.357939267301457,0
19.66249989565457,63.015028431181804,1024.6316375215497,25.051165305097935,0
21.499495281099957,66.96313711252674,1013.6089660711716,28.235813483935218,0
17.135648911550888,71.89142241736043,1028.8601681614534,18.810922505865754,0
12.259119481021825,80.30272769148957,1013.7097241563974,27.19663570051717,0
47.15152367539838,68.3725316715473,1015.8099186773503,21.88650240089703,0
1.4769925389285405,83.27485700779998,1008.3547025135504,21.888814175468603,0
23.86310816879827,64.6676703862546,1021.9959987543325,26.536497604383047,0
26.565871575288007,60.55448714102331,1021.7675464995233,27.758685052325372,0
32.88418366486839,59.34808063108774,1012.7909840603585,25.58663691654391,0
9.304878239234654,59.961959077281804,1024.6193731774677,32.76429887919663,0
28.09265973710034,63.40723186788584,1026.0547880715433,25.105019208163796,0
7.714708523290166,66.41162803195367,1021.5397471106786,23.644797688557286,0
59.93944766376571,60.80357975637433,1013.9699596499272,27.97578512718457,0
19.984601607810493,43.11932349797178,1008.5322648821009,31.024614608892872,0
27.916757473261544,52.05009296179717,1019.2411981705216,28.1417275463214,0
1.912738930806389,59.51280132862124,1012.911829537542,14.549911256848603,0
43.73237328441603,96.55647274850078,1004.7450280320749,23.393070791735035,0
3.0861530908423873,79.20762012213137,1026.5788078809999,22.8334829654872,0
34.503717076171625,73.05734091291201,1008.2896169438168,26.16024968678818,0
1.7730773555561339,87.31531507613386,1008.2261826942467,21.678862783477886,0
1.7438798739591452,90.40167049372258,1016.1090756559801,32.37678108474776,0
11.040662506099475,65.46513636885538,1012.954371710097,21.58828699439923,0
2.5298199186234243,69.2770677169628,1016.2271856033809,20.863845282238387,0
27.411954351929456,77.39029725700608,1013.8887300613175,17.771950137639585,0
40.59005076340459,57.337946297233906,1015.2409248181042,25.062962003908975,0
1.5332275190890987,77.10441081591347,1013.5435057793857,36.378806487836016,0
23.798024762335483,76.09340027574892,1034.5318245751155,21.163262185559752,0
17.556517236115113,68.33602096555735,1022.763091264811,17.735752704638195,0
4.16808322872129,81.76009616371252,991.7610427569019,22.371224891596196,0
17.52487412013286,41.30940224403672,1016.624764588053,27.85673755163394,0
3.5494730820097677,84.55785730019817,999.7976679297935,34.157293829271765,0
53.98036723094236,68.8958332631214,1010.1777881101278,26.477387622115916,0
9.589473995161923,53.53981197150013,1011.8546015474739,31.189081559867308,0
10.71669872654698,68.37057003866717,1012.4451504170232,26.29694654499847,0
163.44891195636166,74.53522435497464,1013.0524369971819,25.23490296882371,1
29.305661804125215,65.30464437675339,997.0087652746251,18.157049422290715,0
22.276590783465004,78.03237714962808,997.6588582926438,31.388384109492545,0
2.4107824279693855,73.63500529124669,1033.4739892113023,25.574307341069478,0
38.23540222616968,93.26894282099457,1033.6074792488198,33.77670421221602,0
41.85517286459543,54.69425129106768,1010.3090556207105,32.445225869422394,0
4.789629869868869,83.16737752720171,1023.5842448684958,16.20630256788443,0
9.959637351223014,83.2909534036923,1011.6292217895815,26.000672095867113,0
30.617434754394033,37.43701257804385,1029.286155455713,18.099492708925542,0
39.662812873686136,69.77922612047595,1020.9640542969632,23.593074467244566,0
78.27306195161184,45.02960205707488,992.3255789996012,24.55439980243606,1
20.069725479153192,68.15633040172817,1012.2469634524488,19.49374047576444,0
8.482786315896105,77.31509912384941,1012.3732090272683,29.775711602506192,0
22.02578167304761,63.29974793963999,1008.243286520314,20.92250463355756,0
1.8577181572073513,61.61461760149215,1011.9296964004544,19.82378838790313,0
4.621844126901932,70.86211004536445,990.171975099592,24.49025243760072,0
32.12988487652239,70.63201122612894,1006.0027449200742,26.06989955367111,0
41.362693969761814,82.77031396900765,1006.7963627746445,21.31793913871177,0
4.697980623630665,78.6925660232478,1010.2494830284836,13.490394176322075,0
19.26003668117104,60.60213725967184,991.0786994375802,29.257010461894144,0
45.11533508661227,55.18096231305188,1043.7888080845523,30.597874557172883,0
2.2672267708132674,92.85681115290713,988.4325294313652,20.94747076510391,0
9.47329969604944,56.43187174319393,1006.5342711575747,19.592259981928024,0
2.5512620656956253,73.27334098796645,1022.1056412237108,30.276654982732072,0
13.800728436977703,79.80451392002986,1013.7736830764762,20.69357899335868,0
17.67846115742747,63.39243161689713,1028.8203818296379,23.05965405101293,0
9.022296509492469,59.973970475450976,1022.2617754753164,34.54708320235065,0
8.804135193036123,70.41536397424319,1014.2736547853716,23.192885802865113,0
3.3177658517965174,66.42259948923913,1006.4935743087817,22.56437308117652,0
4.129834909091608,57.571243434718966,1007.5483080066815,12.486202391688924,0
80.7728433203184,80.26963302332753,1010.6105195313359,20.46218168979201,1
69.7811932825343,73.55986577139615,1015.7357740313863,21.379991016978504,1
22.09119197363567,62.01129546669393,1013.9933230542922,28.756935616858947,0
16.95455122917173,83.99518210582525,1005.3826508427218,22.177214983652124,0
11.08289100139661,54.96929914556898,996.7245756211684,25.24042473330691,0
2.439665442882709,47.13564200245012,1020.9773631457864,19.304291357050587,0
13.12242756057055,74.01613998554892,1006.4816389219784,25.23699335658207,0
8.207672027608465,60.97046981655423,1020.6025109463536,30.531645524142213,0
18.108931883382795,81.57457223952004,988.2835549987271,21.015523722647615,0
8.580866034079497,72.54593926585561,1013.8939391914565,27.440220396893746,0
36.88154282642956,93.70201142612802,1016.376026620752,22.940615169387662,0
4.503595461340459,65.2228223402449,1009.8094297893366,27.717415764818888,0
14.807519126920887,85.52381390620899,1021.7112470343169,23.369882339160796,0
9.9662549939489,66.24816098388233,1026.010524331623,21.617934897579808,0
7.172905508612841,36.545051385611664,1013.1841837918955,33.382186561376415,0
5.284850619941305,66.41232000954747,1021.23104975745,29.462054099076056,0
19.575986077146613,71.43430668834088,998.2141375422016,30.718770216034645,0
2.999536412328516,77.64067174504159,1025.4732705523172,29.82961003979795,0
31.079800273921443,71.23082306729196,1008.4063910045976,20.75077815267604,0
5.7133923709767584,92.64656968689435,1017.0203448004693,23.262366331135226,0
34.43615927082006,82.43708026877903,1010.3012506470662,20.106181421088465,0
31.920107266529797,63.58888086325787,1007.47354226653,29.81925159357681,0
20.496884174747816,84.60336171280186,1017.134349032237,34.38397906279033,0
5.801673985188199,54.12421895729422,1007.8708562502859,25.852971017904316,0
10.244913189580448,82.53348097524855,1019.5436565635406,24.722076645447725,0
3.3293910025700137,72.70796262708147,1039.4357158339856,23.985768901649237,0
41.13387045081393,70.70373152425388,1014.093947946049,28.62883311949346,0
23.857414810519163,73.25291555474408,1017.4211666531347,26.25121966286824,0
18.6644171406803,52.90368357764941,1028.931866266394,22.443921617844076,0
54.47353771524949,68.64658503915686,1020.8107326761645,37.693455508687435,0
10.183296868180271,77.8592900066169,1011.4199210142101,22.8655946502629,0
32.47615822132357,82.78369733545402,989.7926262602186,23.850602142768068,0
8.522129719169905,79.42210020221005,1009.6421530070987,33.34510762644696,0
5.0876494740545075,53.11871488379667,1011.5096333327047,24.966732726843812,0
10.85752432512014,50.21282432197083,1010.6906546979133,28.48103182406709,0
17.37804767570544,54.74211744181914,1018.1666930864812,21.004447145873673,0
115.36163230301518,67.53196512925456,1038.7335980324985,25.29609217007244,1
1.3886410165650833,58.2618444214828,1019.7428046874677,24.425779902584882,0
4.231408596176317,72.32554935393279,1012.6724672978401,22.282876144331176,0
16.64088207352361,90.82873403560433,986.4064864295062,14.608116725405285,0
16.403269142757495,51.39039883468644,1009.5731240591965,23.142795670021044,0
39.578986565922804,67.75183049856308,1018.2776476093167,29.16611938810371,0
10.509791352144926,50.101914758353615,1022.3567839314746,31.357775474970794,0
0.5493971576888019,59.432948448107055,1005.7168485005211,25.493728888186673,0
3.9335541890357066,68.04482281019187,1000.7787219110805,28.56499215086194,0
2.0948006696974266,82.20795862185408,1003.595862254321,26.17326002577543,0
10.12284978950177,73.7913326130683,1002.189366724001,28.07967803472132,0
6.938671772250337,44.953312418973994,1030.6468693426273,18.792493845254388,0
9.550796162170755,57.755418864177315,997.433708264761,28.030049756728197,0
19.57124491094175,88.7004210479438,991.3012231295914,16.232652918746687,0
59.30534442304407,61.82616647561637,1007.5508091319105,26.995680571760353,0
40.570098554386476,84.57734035259104,1012.6904174936343,23.321424635567148,0
0.4545117895508023,90.19066311197076,1016.0780176889206,16.449158036716874,0
20.073946638690728,60.65718245348075,1008.8185696599073,18.557763101213375,0
6.357529434578657,71.51226133381078,1014.9584525509769,20.10813611192484,0
6.4056265720558585,100.0,1020.1759157979305,22.654261399025327,0
0.22113459263394392,77.90406118947686,1015.5602973431387,29.91345491972757,0
18.351674370106938,54.94363162654944,1018.1029638958232,24.209492549649006,0
9.662215986557369,82.0988987187053,1006.7518142230432,25.13045525105417,0
3.6372341009854465,64.77980370554742,1014.9855836289629,17.82817516420577,0
9.862845138503767,78.71533014798979,1003.7676675388909,18.24157697191833,0
25.391279732773736,78.60950438802513,995.4642628209132,35.40657328382571,0
55.23843295025938,65.43169542269113,1004.4164221981879,28.501549397044958,0
0.6335935764851569,79.11350296497038,997.8082001701382,24.973317645816685,0
18.168576799751204,60.11846761327965,1024.4927332628567,21.48411787437056,0
2.25437829529356,72.69768128092089,1009.6514772762389,34.87513676815391,0
11.412479982577146,69.29103021056486,1020.0775193545547,22.18766612052866,0
32.1304312792038,53.68328597107357,1022.2948250734477,16.1856653556448,0
1.9210146921330646,87.16202803924628,1012.2556657089996,28.103360487753392,0
4.094605638269316,85.9685301704005,1014.1960566888707,29.08349258856785,0
21.504754303408053,79.27992939564898,1021.3392215454891,27.295900396142184,0
5.7447903108024025,47.101722074533804,1012.4209509266221,29.092423673192698,0
0.6907104708842362,72.00771481369,1002.1894345959174,30.26576426666452,0
51.64497342711351,86.93604156302715,1012.1958422629101,22.67274908797973,1
35.311950827893064,83.29776118853582,1013.9612077694098,22.688623556474788,0
5.227524823945714,54.362726886592924,1025.7792682923816,23.694863733766024,0
7.575207628353564,72.02477081229533,1027.4697788435374,25.982773882557872,0
7.676592140803179,83.01647536256333,1015.8303220539522,18.25268214287238,0
0.49406827488310445,78.78255191287869,1013.8228398927542,30.327401875326757,0
55.959836855853254,88.34756425887186,1006.1656820986988,22.450712112500128,1
19.75065815256231,32.73082631371278,1008.5449747859923,32.2669223855885,0
10.941391516380483,56.91054058943484,1020.9365794198036,23.498197559556857,0
6.77218212835652,57.92819625009513,1002.9585923324793,21.161012174479357,0
0.8600956187469465,40.99482548338659,1000.9260416835363,19.64710960161416,0
59.89912507479552,80.23934854685719,1022.8432239847658,23.930055778872454,0
57.911232062416644,100.0,1006.3610308645333,30.835514571918182,1
14.377035051848823,94.31662836681573,1006.6226001574869,22.345015224990913,0
4.981697972410135,78.33065225210362,1006.7712950357671,22.520154768367647,0
69.54168433053549,67.47827656562059,1027.2050424798986,22.14626853125262,1
23.81590804842675,75.15427884302827,1009.2344734897773,21.473946318351093,0
15.39945968581674,59.44569905610331,1028.4750520133007,33.97938836547761,0
1.9189180594202748,64.56197462350957,1018.838003761563,27.71749551394671,0
16.008295631397974,86.25414480858207,1011.2305277250595,21.00851377730773,0
9.326241572612323,83.26151254838769,1003.4931620859468,20.795456009760727,0
4.97392522360833,69.87582888174926,1007.8238870096383,26.118939758194493,0
38.103972460884094,17.78786756859874,1004.2977675785648,31.028140389764186,0
8.548362678904304,75.1470257652531,1019.8189148962631,34.23353662868017,0
6.212962912021415,73.6003410652757,1016.0555432037726,29.66498321325284,0
40.3924127644106,76.3252738586839,1021.2048218119736,27.53637015553649,0
23.911593287439675,85.12781237167873,1028.3168880124092,21.754043375481604,0
42.55092636104307,77.20843161116122,1011.3288191968314,25.733568432166614,0
8.162939650186171,59.65689518379451,1017.9495551756153,27.09126277393,0
14.16390610619194,76.00618043857655,1014.910990680199,25.232182740780743,0
19.98331498178127,81.29956403616474,999.4975158805718,32.475668727587056,0
2.262940345916581,73.20445636642765,1015.4938368371076,32.887266398817374,0
65.93242555535332,88.134729161597,998.5850575193639,25.87772914945254,1
1.404953005822166,76.1276852256614,1023.7363174985977,19.8674235029447,0
1.3945185478952262,42.85061648528941,1022.6501496106323,22.599340661520745,0
41.04225689753825,71.91704046050174,1007.4107815272841,26.886059375322603,0
28.3981146232072,68.03442389501507,992.647597593745,28.660618036665362,0
11.80829974791417,86.20103500483248,998.5198609958376,14.005970216899591,0
3.573535849091114,79.72954502081441,1022.8730889925663,30.60926594713424,0
6.383716973474794,89.6581573703832,1019.5020117795866,24.504120681103085,0
10.885142853871002,51.591103286187135,1029.6013695344825,29.48944269380171,0
5.226116249677809,66.90149247353007,1000.4846057580955,32.2188230203663,0
39.954761176535875,77.58252715917237,1012.7107511582514,26.348346786985353,0
29.975546093485953,66.54915346605426,1018.697672802322,27.238542800086574,0
28.62784225207454,55.834468336854215,1016.2324576290898,31.246008837437667,0
13.137167205395892,77.37106850529246,1006.2360769794074,34.004702164554075,0
4.4759934978327225,58.88751388048446,1012.8571096861003,17.042976762518556,0
31.946145800639236,78.47051593804234,1008.5381656678522,15.552296345272346,0
0.23377172101861804,67.40447681954623,1006.1184030989973,37.3613973113633,0
6.8966943014891635,62.56200732989073,1020.8580015865083,27.127287808924823,0
30.269012773951417,69.63734534352805,1007.2899528036043,23.68339048693018,0
86.34365310458867,63.95065747040319,1012.9639746090943,19.208176554037287,1
19.254848699225732,77.87333167995925,1030.8162509042536,20.618406660129093,0
8.634957821673652,70.56490349751907,1002.9837999010508,23.594498535570224,0
16.765348078362415,84.83324105963527,1019.2330980665461,22.532685918179922,0
2.2089763457015135,63.32525017939211,1026.99355436586,29.623168414563843,0
0.6419149347206422,97.17970186202308,1016.5792572869177,26.966315756918387,0
32.362317451934516,80.22167620535929,1023.4955271531934,22.32382394219716,0
1.6701289951632532,71.71800049323195,1022.5014547099884,24.010234367158347,0
20.632780034401776,89.75917340096778,1030.3596380316526,25.989553917313238,0
1.7030979977791234,54.52635629694763,1007.7070176245378,28.093432739239528,0
13.790902174468675,86.93986656309251,1030.2754317010072,27.18161834837016,0
5.187198913734134,53.082591692480406,1018.6427738802673,22.488721419029382,0
0.6226423304723896,73.1739245557059,1010.4262346257666,16.657079630612053,0
40.54039850381681,83.99318626492932,1021.7315854861915,15.678342358454527,0
9.27371301094594,56.475988809466415,1015.2445181855998,30.235491513060772,0
11.546981620693192,68.4191211184401,1030.8082921296664,16.835238597290083,0
17.946942438818184,61.40847363177211,1027.765403497259,31.900456770737257,0
26.418600302537108,76.0243825823721,1006.1438971891819,26.619000638029725,0
13.556418851070982,65.62765031509764,1018.4360015459444,23.14692833956947,0
11.786746511199116,36.48360336528696,1015.3519982885471,19.222159759471413,0
9.92141812726947,74.7883501329332,1000.053185242791,30.804133936892597,0
29.6978338141433,46.66152024265156,1010.276040295002,14.524212386600073,0
35.30819768244315,73.81260838369303,997.4341810134025,22.859424195170437,0
19.201978331469356,57.424187633231725,1018.2066442053421,29.235395049925174,0
12.873083392705855,88.3375137233032,1016.8193545223155,27.150208235955347,0
17.60662027271843,65.45037307096078,1016.7972618694013,23.365596101601742,0
1.1756221345992541,61.73577828301859,1020.2762954363698,25.259729429036497,0
0.8027683281876447,68.03626040845376,1002.6504513546787,24.050028064088103,0
14.154450075426903,76.72585440423792,1022.1632767470248,26.732442379489964,0
12.12984538184019,38.48621707822123,1042.3775284716778,20.64433117981242,0
0.6086396183994254,76.05085035031117,1024.081828167375,19.800470364372345,0
4.509261088732207,74.14853728892392,1006.4928646265491,30.365436727051566,0
3.899621981172876,67.54058680597119,1021.7006773068875,27.47840943986302,0
57.86864774760546,69.5366854664263,1033.0340726718211,29.81482764557065,0
16.907781841380118,74.61431133176578,1024.05525932958,30.9351515278019,0
4.858639960360479,53.65610352558021,1029.3112585228187,21.141858387915608,0
21.449846369317132,74.44942479514263,1012.35861653407,26.6438120515174,0
40.92066922031506,75.10900028649787,1027.3518154919004,27.82201493946633,0
10.355001572974054,75.33325944511529,1024.8947048892464,18.86196092431504,0
32.98915685942147,80.82199410677612,1019.3539693221489,31.44878264187687,0
2.561419253071429,66.07900112567316,1011.2692817571613,25.077895237907338,0
7.848583818863757,50.82966124845436,996.5625928441194,20.574182505000763,0
11.90929171127857,93.28842723234463,1006.6103825231049,18.38455103296251,0
5.156501950660976,72.54540688528029,1005.99884126795,30.448324325082307,0
12.453552300338949,93.0096718127435,1022.8176548699159,23.37584308245689,0
14.641161096031873,63.186335872701065,1012.8006460475419,19.216278874740258,0
10.177310283959983,47.008062216064815,1023.2257043200964,37.19876203169636,0
18.725027165496396,80.19959613275134,1018.7546866749443,23.73657155999518,0
52.355383324474374,75.88126794551304,1005.4603541113332,23.59662461566613,0
13.305650977988233,56.94141075607366,1003.157276247075,29.854503659671547,0
15.494142762765208,60.738300813113526,1022.1831660600232,17.147496981884114,0
25.18623449296203,60.95014652167431,997.1318828440491,24.328659483212448,0
22.858673852523403,67.61164182854935,1014.0537550614596,18.329872525408977,0
24.69181998879371,72.40714310498268,1003.6277195116618,31.98707351530186,0
15.980224999872224,68.87283749784974,1014.252245026479,22.852972294373735,0
60.484010402494654,88.09230093505887,1016.8397155254686,23.580290945587326,1
4.766281883603115,76.01788324490335,998.9739472820031,33.7478837159347,0
36.634299643378476,65.87015164741855,1020.5137598707595,28.735826121297908,0
6.426322454683316,59.48752481700872,1010.0505032170797,31.238710363368668,0
22.025310064107405,73.59216192558844,1005.1798236309239,36.11347814567537,0
3.6787982984631586,51.43268583869326,1019.337768809321,27.068995487257492,0
4.885806533770787,88.36876656439215,1029.2339656229904,17.315260199868398,0
9.915653301304104,74.01626836546693,1012.1171795164875,37.898546688271594,0
88.10266326762653,76.21812721569682,1005.2769597467352,17.8219058589328,1
25.28845722838106,41.30340362231462,1018.6898307918527,33.14198311564269,0
6.408531849000523,53.488310757449725,1005.8870137523946,22.067179602186407,0
14.640246440510696,67.03697161454548,1015.3378591179074,17.220521768981865,0
42.418456329794836,76.93939503071654,1034.178559496259,19.136983715693418,0
22.14218301139472,51.497978480798416,1029.7257238683771,27.095095046830227,0
12.517458559648178,71.44650578190235,1006.1911271796092,20.046538056811485,0
15.34998852052893,79.44120377330181,1011.887739386513,20.480461792676053,0
28.225133170849134,89.71014211965849,1000.8545651027359,22.330454493416,0
3.307306906448056,48.89283960677625,1025.1309769997918,25.708584568199523,0
14.719339105965725,58.76231139056305,1015.2534275368906,22.36265338193072,0
34.981774698706786,75.42514878135482,1020.081086766886,29.78351158397292,0
0.7366073610310624,53.94108492646597,1004.1025389821343,21.478561459044055,0
55.27902601784148,66.41678878200103,994.6379462689671,27.539956634562717,0
10.116148622131982,100.0,1001.6854697934757,29.181618614977758,0
13.741850258415791,70.46900315873012,1013.8182935854757,24.505551734044285,0
9.580832373341943,78.52661509384231,1018.9959411328149,22.464384699717048,0
10.316099294845992,66.45467894366506,1018.365098435704,20.507660091044812,0
8.496008524262127,70.75803723391009,1014.7049723504043,23.874267363249892,0
39.61213086672902,72.96368383077112,1012.7497304125486,29.088831496001436,0
18.64093099649981,60.243804479350096,1018.2969313290545,12.37140683198756,0
3.1652422209052204,70.95935180366399,1006.9048779784072,24.06514348507277,0
0.5230175993762529,77.6163650546725,1013.539884184458,15.987955462528914,0
14.110139495545994,60.30205718211344,1003.6066460618125,24.279562221391924,0
20.478984087949854,78.1016906752469,1000.1750137887848,20.167414870325036,0
1.2662441790106276,76.25785696573847,1010.865571290698,32.45363068424976,0
1.198478002076317,61.54526458860486,1008.8906884370082,23.163878920225034,0
2.1304640710312297,59.398648641727334,1009.1182318145877,25.85208111187744,0
14.243425048692737,46.98552060423312,1022.1243524925917,27.49763492547704,0
11.105423226333915,100.0,999.3312130158458,23.87617299053658,0
9.169703667658705,88.11713962691503,1009.8334997073878,29.393217548630215,0
0.22185120043067724,81.43297601188317,1007.2348959927328,12.044788539275451,0
0.38757678932892603,82.94650339255946,1005.0355981894043,25.5442281510456,0
4.846575121537875,53.22052857701789,1012.8469015082701,27.896457498005443,0
2.3247490839038503,40.59762987559252,1033.6055861661605,19.03470022544882,0
7.851251900274089,69.3986723101517,1011.2705394007658,33.558542400711715,0
9.428517928431852,56.877694298858216,990.2362649140799,26.424449462860995,0
62.171161260446,73.10640793349427,1006.3092726134008,30.19952343698038,1
23.30367869362041,46.01295270329481,1008.9327691695341,24.558286704954526,0
20.27815262669115,83.82024404479745,1020.420953720093,26.49646290203246,0
20.248857840085424,60.39259847846223,1014.6839519247525,19.04354930356097,0
26.7450383828549,70.9402809533031,1033.1338724752663,25.682676655413687,0
0.8513223883270871,73.55442123568064,1008.4517968411154,20.98753633394176,0
7.034759624601977,89.48216987270578,1025.0041390794443,21.71552860514302,0
21.656980352570066,63.228855135990415,1008.6394651235012,26.412717630533965,0
28.910075984474318,59.382209848852256,1022.9604768580582,21.216024557152696,0
19.59865010976076,51.211164814517566,1007.9753751308938,26.405897811347266,0
29.80057116681835,56.11568725338451,1017.5588777208161,35.825011724505416,0
0.8571317461821808,91.83428035121675,1030.99271575019,28.729006255302018,0
21.37011781496099,78.90143759790413,1009.3504727045712,20.803951663304968,0
52.64503012848412,61.078356181665065,1000.1870232652315,16.31135122474354,0
18.983489611044636,40.78174730018256,1010.7874637641423,23.615933500555396,0
43.59406162201104,49.89170229994258,1022.130002202743,26.520630853349047,0
37.48296255962151,73.98847719720773,1011.3287828621359,26.412899752441497,0
28.13336441646111,88.20597156588764,1011.5995714805777,29.442994401654374,0
21.351683813684183,81.01673550231482,1014.8102155870371,18.515840260220767,0
83.5585319003389,68.58442374946928,1012.1410675028221,29.063447128219977,1
4.803540167001057,78.66865770687265,1025.3828307143363,25.106357883680307,0
26.395272372943527,100.0,1023.7543306310504,15.504118060422662,0
16.64919614936311,71.17644098527964,1020.5334162110453,26.90579192441389,0
20.22804309749709,60.664327075137955,1017.7808999662745,23.74765980504045,0
5.665273347157338,69.70564771284288,1010.9097674271397,20.7473977289535,0
32.19585637803497,73.90994249725611,998.9949203972506,28.599186454356953,0
4.165708012669001,91.69755903919867,1024.9663148664565,21.95108547840309,0
16.158886703923528,48.252151517786416,1001.9369181877166,22.729052208442422,0
41.85471224353278,57.69484263203957,1030.269638512334,23.001819071926988,0
43.46551358926028,44.517262002945316,1027.5719575995624,33.405461574652435,0
0.0644690670446925,58.736416753298286,997.743436854299,31.31292051713591,0
31.616749762215917,72.71674765316591,1004.6423786497909,36.071257617311375,0
1.3410435702136372,65.55974159005153,1028.4210995256788,35.03046444079561,0
16.44963786201368,94.46393771894411,1022.5644034834762,21.876052265329736,0
34.86503377622462,82.41775143943627,1004.818011165777,24.98312771294524,0
1.2067005215011521,86.73853080048042,1006.5073442192407,29.73912901418608,0
14.565916664303762,80.2305167506589,1001.5831088586649,24.03170270360141,0
7.955676306647305,57.35109093559386,1011.6475710436797,27.400297900433415,0
26.610618138194017,49.518069667117295,1002.7581317567079,34.27046283167094,0
20.22177591559709,64.75581719833295,1015.6166297269648,30.737046650958032,0
9.684743405698264,65.4366417824228,1031.8458630593461,32.71621764136094,0
4.078494759007018,48.83763252868187,1001.2552947323328,22.361115678770304,0
14.599491874370411,81.57158487873735,1016.2316771418479,24.261987068506656,0
6.003104364011886,85.49445920729208,1011.0505479157105,23.1558488520373,0
32.454851544975874,76.0265692383786,1001.3008316428972,10.638688933591753,0
2.865401137958053,73.08529562441026,1009.2154594815354,10.643586685212693,0
26.150272026300758,67.58642637926211,1006.9778793963821,27.34387128037512,0
18.84372025833694,75.92964193687726,1007.2656217845777,26.767414529743334,0
1.4290181501706456,71.82257517102573,1011.9984592352005,23.98163124911517,0
6.068254627127664,75.32533681632275,1010.788869047115,20.798592846714357,0
28.49224507194322,56.1575471540975,1027.926885689595,23.644381994787157,0
1.3520087752385033,62.10882951682062,1012.8598046174241,25.50822143844755,0
10.589828438371228,53.03460412762085,1020.3684389709243,23.593362214408934,0
0.4413009871000306,73.70616066709455,1013.8733105791541,28.512032845755325,0
1.073456765916481,71.45124842438675,997.3745414311346,22.354736613268525,0
26.24757126146281,53.34400724055969,1018.670555173881,18.334213446731724,0
71.5148226181623,100.0,996.8486818409449,30.823696772285857,1
2.4229288715124033,63.59864324676469,1007.5816501233136,28.16480875754913,0
16.47526970233589,63.25635942662078,1002.841781810216,25.30839924923986,0
39.342223283101745,65.56688139780177,1014.5231551357663,26.897410285827537,0
1.7051749093933655,97.17257218890275,1002.2786098801439,10.393247582526964,0
3.625031552436329,63.27429671419176,1033.100092893,33.84931210338483,0
15.768149486075849,54.48440758114603,1013.2079370767541,21.35998529385433,0
32.839595767362646,60.291390430179305,1012.4111819009728,21.857575680519766,0
5.984861814967405,79.03715814159223,1008.1725647781797,20.233356958706437,0
28.273434956330323,48.30807951159757,1013.9499375135631,23.19763297897702,0
12.00185792864586,77.6712325139493,1021.8310977714716,24.61081401493599,0
15.47421172007841,55.398298879007854,1012.9460262363847,30.191943778673057,0
9.574269239343685,77.5813613982505,1014.1327041053777,17.808610108413166,0
6.769347337781078,75.43856222539728,1026.6842195447268,30.94072867353492,0
10.082643918435608,78.05115434518692,1013.6785551052741,29.263868375611096,0
3.4384322317863676,84.73860195441665,1019.5636086982855,29.169036695796823,0
47.31971292062333,63.58366469429872,1009.6522466789346,22.981757683790015,0
4.072330005351434,74.46973354566177,1020.609047431569,24.002356633352957,0
19.105726710959235,52.55215808419542,1013.2421945667276,32.061102777077146,0
68.30183846100175,73.97584067260468,1012.5497317717113,30.743667414647195,1
3.629355914132695,91.48513046826253,1011.1285573499545,29.928649978399314,0
3.540314889653688,70.49086737311062,1010.3308528798568,33.96461295665436,0
44.192472114708565,73.35932917134602,1014.9438430157734,23.23416853594656,0
4.150619883105383,74.06461808269289,1016.0419291955342,34.03938079399595,0
7.54776301222793,75.26177763632214,1026.1711506733986,24.409657365044605,0
12.29652636848165,68.63246320665719,990.599501014805,22.50818803903777,0
3.817438378825912,84.89032808369188,1021.4062002650455,27.7336678410069,0
2.1213815219617684,61.52072835401377,1008.8929134089758,21.68643114068535,0
27.632213889676454,39.554891983906266,1025.171585208255,32.60658025961226,0
8.68886742813942,68.45465197904176,1025.2513234816788,25.18975218145223,0
2.6995571436205053,72.03316888237944,1001.209602088402,30.93839694230782,0
23.18809728049773,63.96899883224994,1018.2426467764317,22.45402379757268,0
20.5937753550047,81.66296861222416,1014.2637957954641,34.694644995291426,0
7.285811003779642,85.43023916044588,999.8325115317795,28.618052936144373,0
21.871593678433463,80.01191172458968,1017.0981865692851,23.793711726907286,0
22.217684348401377,55.50531421352301,1014.5013611637138,16.47560722933838,0
39.985063837139286,35.845131887004236,991.2733045398596,29.23710838575211,0
75.27234320704677,67.1869881991769,1003.5743460855693,23.890695481023467,1
39.08674591025659,76.32526702396666,1018.1310579817608,23.702266612080415,0
28.04537783224339,83.3299413032644,1007.7324456734501,28.296902930934756,0
2.388746849621884,64.20284924122039,1016.6728731340135,34.190918383975614,0
2.0303464305301904,41.72199921968324,1010.0373255649112,16.968114971954098,0
7.131187912493482,81.68851051470412,1022.5030759197358,33.553066862909624,0
44.568577808861114,81.01457013342245,1006.5066868807961,25.4156123282834,0
107.79776217720168,62.99344889813836,1013.7005216311318,30.809391513040953,1
1.3151246430506303,75.21295564237111,1024.6350876795498,26.325777636494436,0
35.355406390448096,79.62895802442327,1014.8958161659874,30.005230462835705,0
14.573263526231575,42.849513950911316,1006.1206613316282,32.3702802624404,0
18.422218156342204,64.71980387719789,1011.6255148537231,29.764372736014693,0
18.683472575305778,88.32700828778219,1030.495813052725,19.927905614160004,0
14.363711938048278,81.7430536537202,1010.5393751187005,20.783767023419042,0
13.375612173375064,76.36351389567848,1014.4333916760623,32.3953948670288,0
14.115169777113545,79.16715481974313,1006.7735063826555,25.973037276186215,0
5.871094477702782,63.4061693345234,990.9224908361743,23.899026864960213,0
4.36555100891286,38.98217910346011,997.95279625969,28.80027981844801,0
4.638453970985004,66.92597443280133,1013.0686825493904,30.42239791536535,0
16.974914851826256,61.33704859738669,994.2482753035425,25.575130395737087,0
53.69264687172432,58.31272522107554,1011.0566845457968,20.568898281952972,0
8.469215548465312,74.02992140025658,1023.760071385986,25.10655824335971,0
13.60645849311906,64.01332221695876,1006.4710322758843,18.111496134415738,0
10.587297548125656,42.13011937563393,1015.6712665101148,27.54362511614967,0
18.72503335263505,83.81871527365519,1007.5762767856121,25.72433832328778,0
23.20485530889521,60.77840702264623,1010.3146935209417,20.544038872923565,0
12.184817715415786,56.67778156408935,1009.9311885131262,32.60699248915961,0
1.4730958101447222,62.63593825192952,1010.7514401819192,21.7499870958827,0
56.85188611055682,88.39607715805576,1024.5709638546396,30.8808755261996,1
0.20365707505086172,43.99024705873971,1020.0821442325656,26.166080656317508,0
18.964580877856864,75.72307843883996,1019.3659632582182,25.291755021427388,0
3.066220204150312,58.828236899102095,1012.6677000935554,23.959415713637302,0
6.992304383807553,100.0,1008.1434882390932,15.203048869546281,0
26.125536771229164,80.98974041093624,1022.6945720052673,27.135971809358423,0
23.58513728205395,97.60325702262986,1005.5452650793789,20.28074647288141,0
31.116536317006343,53.58120190670607,1026.9246530006433,23.749767427005235,0
34.566948684437456,42.71038107002914,1006.0681317276358,15.821711835689815,0
18.379595221505266,87.56868683982316,1023.3254620434166,30.633525684137915,0
9.385770084815597,66.20117634962185,1000.8554071924734,20.17797872694154,0
0.5155430879335332,63.54765046612245,1026.103087461196,31.97841905394978,0
8.328625342214831,67.74091120844736,1005.8624614372935,30.55151180991382,0
18.61688492011671,52.248907176002035,1000.6565112812008,22.037678704235528,0
88.5170061872906,98.37081774325509,1008.379039813486,24.770149960414273,1
0.5584592484585063,52.80002928218644,1018.462842480037,25.032111349054688,0
9.696878895894839,53.5278178295373,1009.3818866076743,15.981092891109109,0
46.06834538643086,64.67519073830069,1019.9695440451073,23.33090255121995,0
18.473502413695446,46.9050022109002,998.1372297004971,27.6447896819626,0
3.348147598237732,39.415580844918765,1030.325149994851,36.15650073096316,0
28.701442766129915,66.71265970430407,1025.2772087713918,19.682989967145247,0
4.328916542202438,56.89885548868288,1011.3185618141521,22.639547111514364,0
6.3010021341033795,70.91673414051081,1017.9395187199372,29.807108426837715,0
2.9977851500428954,42.629139296488916,1033.7408266974996,20.403077042067885,0
13.423715419589502,74.37792643000023,1021.9946497114825,34.803456360805235,0
4.495700651715701,86.91037364762137,1008.3468954321995,24.47025822847932,0
12.90795258087159,47.13218070071238,1015.4092499728947,26.329431490296663,0
40.79967246365241,96.53675050394929,1016.080505395041,23.041757162891045,0
2.666532591040477,60.01771877964677,1021.7316943069346,24.376911019049352,0
79.25304426285942,52.41112586720886,1024.2605025077216,24.74303138205757,1
17.770180938484998,48.279154419389656,1004.5725740998506,28.198936658977686,0
9.772820856047518,59.12096533058393,991.643257860213,40.688742668299966,0
17.220859223471003,87.90934389982417,1009.6310217441651,27.073492643654433,0
62.49275330395869,92.37879469517908,1011.0266157969268,24.243633581732443,1
38.477763817855724,87.48709028812578,1010.9554502031477,24.32372837303154,0
14.284658164922115,85.05349840274928,1019.5590077652976,25.973680973593876,0
0.38602338731171687,99.35595460812462,1010.585855895798,29.75980181754901,0
2.8874591119061863,86.51733643370929,1003.2834326545872,18.101909176055347,0
32.63747525573043,56.584751309868956,1006.160404982009,22.321933307872943,0
0.2883745947602304,82.84925656938516,1020.25095786848,27.58089143557479,0
26.978132070961884,76.32069716647123,1007.0615983775336,28.485514279541363,0
29.058594513848263,87.73680739907957,1016.5144820754158,30.350751191582138,0
1.8555714478983147,57.696380058269476,1012.759721419194,16.79866680387342,0
1.3657876114710152,45.5116239551186,1005.0758007900004,23.4601923518048,0
33.029714201509606,70.45286180815232,1019.0860744235674,22.683655221695837,0
13.887929935427872,66.70834282532705,1019.592456684324,29.68785068813279,0
1.0306245899209292,67.57953440485704,1005.9042770704677,20.009850814101398,0
6.598003569110232,58.54852989774993,1021.2947484193174,24.030869306135983,0
7.757289281144991,46.888104363536996,1011.6748332045811,25.39448048299254,0
18.50123651620192,70.34708084647252,1026.6065859583864,18.45589800440444,0
2.6231568850462135,70.11946423970996,1023.0370952381068,35.93744414687103,0
19.60506106303654,50.64453273185746,1015.0965941527462,22.541819071839765,0
5.539635317830209,82.65058933235588,1018.5944907599504,26.182908754380986,0
14.686463600932605,90.54563166954671,1016.9241596717877,22.455181871462507,0
6.33286538217213,42.499882532403504,1012.7191613440702,26.67619343534974,0
1.1172751945183275,55.78761797539338,1004.775800676178,30.605153336622358,0
0.002694041528053474,60.6071495166765,1013.153789813721,29.77548189720738,0
1.2948160931765358,54.506961571194196,1021.2509826466763,20.664348921445498,0
7.603847902394994,65.90536900120247,1005.2246096015502,28.643423986084578,0
7.518550905876795,62.677045041516294,1015.6256132900193,25.967949556837723,0
11.376773450865926,66.60608693239372,1020.5605332207865,24.672261966094975,0
9.808986275250263,99.72537709600044,1027.2274813609995,29.631077011207964,0
0.08745632983492825,77.83365521872015,1004.8359601389895,25.95753469396365,0
28.62899715513481,71.02555943965392,1013.8865759096144,25.986578537027977,0
7.077924980065297,73.04954415353612,1010.1531696432742,22.809450878782027,0
8.92731917415514,72.09665454649354,1013.0052795885659,28.006033744645574,0
11.338367501450982,48.37776907585334,1010.9054743435092,17.977178714651792,0
1.0755068147219562,48.75253547380799,1008.4675159097699,32.26233767235372,0
34.53965679565796,64.05006760267123,1017.8252404882859,23.14704738463774,0
42.431410786047195,100.0,1019.7048061724121,19.64071383479922,0
18.717225956861803,58.8699079651354,1008.8203649616136,31.372959376467573,0
7.585053813203535,82.15093456079038,1001.1058810713267,33.21336476627982,0
24.97988341665501,72.88439467212844,1011.5177712240823,20.60758581725965,0
1.1969524568741217,48.81196354868496,1013.4091917539572,19.989062721092637,0
6.228369344514491,47.120213646498165,1001.6618440491312,23.9098206090089,0
10.360017664794439,30.417872496101502,1037.1261542161292,28.92302143949012,0
0.19946780916305434,78.07092580272713,1012.583191976101,35.08953981916619,0
7.4753715937976075,73.24475322352751,1020.1538131544124,28.59092862853967,0
14.733458524055132,66.43457312965539,1014.9223476419523,29.904267245687375,0
14.5945855114414,58.86655719712548,1000.608929243461,17.662373671237802,0
0.027090853886956295,84.83003754037004,999.4855423510803,28.351099486386694,0
12.249629057128919,80.15449581009307,996.9909602152348,20.85751487609877,0
1.3590438126854174,58.852986028480245,1005.0299719641782,33.35741445591046,0
12.841851772313097,68.38661302211638,1013.2088648829596,26.153504528593416,0
65.811921595658,66.9140861375804,1006.4998333132954,21.689345772662005,1
3.0351397474217,61.03287420271961,1025.8164379500377,27.78845530362562,0
17.269146453916534,74.885610367198,1009.3041447108286,18.50936557472685,0
22.42515314134136,93.67160211867271,1004.8914248878966,18.71211070542692,0
49.895708039254096,66.05531794328984,994.6428872595898,26.650325004063106,0
1.284440249481455,79.29889498593707,1004.6485709836998,35.44769360847387,0
2.88375601180207,70.56792872513425,1018.8457262794957,25.019015380615937,0
22.764970525465124,45.60520969057624,1011.099609649985,23.212772885947864,0
32.89772604701704,100.0,994.0552693116304,22.181499124710495,0
3.624437948503873,68.7544959476084,998.7604284754985,23.666738353827927,0
1.0254243907225369,76.71792621627691,1016.7109405131392,25.239807229907733,0
6.00972144984639,74.97765794887773,1033.2430962328685,18.184129977035948,0
1.5177940442768776,72.44116622269594,1013.4137905258585,27.74354133992516,0
47.697344779025144,61.282809318249754,1017.2588720619303,25.09573888707876,0
28.31942447448347,68.7266527224647,1000.566760715939,20.192558151722313,0
20.467231049227056,82.4627848641905,1003.4356362318199,27.362031389401885,0
16.65210775417316,69.90472664840696,1028.6225513195043,28.092441902282378,0
5.192955419278339,66.8878371597419,1000.4959226603028,28.022576631776833,0
7.762427370931114,77.0435772752265,1020.1410349972009,24.230869864008167,0
0.5920731960450427,56.90605484890651,1033.997217891665,23.76487149627002,0
2.522665068739168,58.63011666221989,997.3365026703591,18.279427648184065,0
28.070029019906837,45.95109299776075,994.3346004863938,30.03756844918461,0
30.980886191541973,76.09716215857627,997.2038449259412,31.893548731316752,0
5.499237377770193,51.327531426727646,1013.1427306783644,20.230302903016778,0
4.991105377810502,73.20855802302222,1011.1058632901845,17.298761839844616,0
17.354242023882065,99.75079352277567,1029.1721257496863,25.521779687616064,0
6.639536967974529,81.68910831091245,1010.0942489690264,32.05525450529612,0
12.938090248233634,63.91884988579332,998.4882430994844,24.939555260769726,0
17.887175271479883,61.73918206456733,1002.7378036125497,23.16884230340869,0
1.4763387400605255,76.65820345326154,986.9578614337287,25.99474073398247,0
33.30732083323666,62.82149136975829,1022.57727653662,30.185236443699647,0
21.26397744694441,81.1088630215457,995.2141241599348,26.598259129594886,0
11.075643223755362,80.35355200570409,987.4163161674289,21.34243298051835,0
7.246460494479172,54.652067330225584,1019.793732829565,19.25602982420672,0
27.08787882561248,66.22403977011243,1024.3362347185905,19.68851422416813,0
24.939090719848465,52.02574921379262,1008.3559573769061,27.31030446625948,0
9.270604799335608,91.8959781255691,995.7989744905218,22.007870323282198,0
15.72705772704821,73.42864791276845,1004.6955559344343,27.61257052632879,0
30.340066119482234,78.52720337911897,1014.0530932087909,17.05767729791221,0
25.06495320377518,81.8940228023966,1009.1602872804765,26.251001031258472,0
14.424944870901516,35.36224403072702,1014.5705360540145,30.409710298704248,0
12.387384884585517,84.93298703624622,1015.300707591914,27.48871544545697,0
26.111331547105664,63.66049658917663,1019.7659801661584,22.320204272953543,0
8.47284488332029,78.10036347425384,1017.3950123062023,28.89468251756057,0
25.969828468404287,79.50417310863747,1013.8796882105283,13.043627844879257,0
3.5594685588030344,68.87686092690265,1019.9553775756577,29.245510553715718,0
9.701696856981686,69.09566512912582,1017.5479516964238,28.870657308096824,0
33.97939202018651,54.97844385242384,1018.0066572138121,25.2488684359048,0
1.0610277608512328,97.28834774949581,1013.399363972147,23.810282263264625,0
32.18910642808085,74.035361022063,991.4665708012875,30.48576355876848,0
2.8247062022898546,53.242880096852346,1002.8790511420242,26.88287007569562,0
31.859621166212815,82.1478676245554,1019.8356932320048,18.170221443997328,0
16.96077524245072,71.04620273261574,1006.6023547255587,19.987640341970526,0
8.706896993582342,53.47310203120159,997.7764081378211,30.563441874949625,0
26.387602079855373,59.721907032108916,1011.4844454499002,21.481727252167445,0
11.339698253218858,83.97969632439363,1001.8347556005134,31.179058100034695,0
1.1649940764779618,78.11585145238956,1011.4651572104415,31.93628705526298,0
20.00878713472277,87.1993587484289,1009.4023135421091,18.36976156958981,0
27.80121276197348,65.58602692309665,1007.7196300214705,22.46462192238247,0
78.61264266559311,44.973226721334285,1013.3279699541158,21.207523326499654,1
3.953529213510226,92.70396961979168,1006.8663918748172,21.78621348525721,0
8.508994578636408,95.52281605631102,998.0347074490992,21.74988032796551,0
4.59664085742675,43.78820372957402,1011.7195829372539,29.742231749307678,0
69.17907138612631,50.71067839427761,1005.7826244666275,25.88410436069699,1
1.5718534897710215,68.7492358708856,1014.8569258974106,25.986636312976053,0
19.544649426011677,57.80908064622352,1000.004187630724,29.148662089395874,0
0.30452027769782225,87.84867095861752,1023.1367574054386,17.12510265283488,0
6.324271820651319,83.89093566717949,1023.176614668435,26.35747655412824,0
58.649039218851264,66.77634467274882,1015.7679344932529,33.32158549062318,0
22.795679726983554,80.87085786841388,1010.7060925593197,24.78261525093069,0
17.489835021813423,65.09322705116782,996.7644476197687,24.451152480919287,0
36.626845470288835,77.46227885958487,1018.646059258936,19.901678306539424,0
75.45126951371329,57.03413393628729,1011.5907208572238,26.58270163304316,1
11.383965114424754,72.84491315595132,1008.6323576276178,16.967114496306603,0
25.707115039121188,70.2371131616776,1012.1324424945105,32.841198794598256,0
5.5420204605280325,89.35552183292006,1007.9702522944866,26.317436076655298,0
4.444637751787968,75.3877457378812,1018.6794174307513,21.50697582201973,0
5.688674289142449,56.94224341228467,1012.3282170995064,21.421200054446242,0
26.39017793398541,94.22465228366723,1022.9709375549453,27.039383911876605,0
34.630281073094615,76.78797154539227,1013.7595526791608,28.713412091798613,0
4.469922715986941,91.2553061947244,1019.8133950318561,25.77168343532205,0
1.4182954717407414,95.67905793725545,1019.8332899281107,23.953430902103193,0
17.562994227461633,44.23308856287609,1015.8486864349042,29.05172507768155,0
21.960032354921303,65.95537562054709,1010.6913362615524,32.266303316605175,0
19.898413147100435,82.46064775744134,1002.826760922026,16.923167743616368,0
20.957755621064074,39.46703735773191,1007.5044286409142,29.29793943489901,0
11.736842584557927,59.644200607919856,1013.0409300767545,28.96584683396549,0
2.2274201418164914,69.75196374628561,1008.0687717760023,32.21816001734407,0
21.294290182402463,59.51142674072308,1008.0764192600649,27.71352198988362,0
42.6890430451639,54.41710315319679,1018.7061299721953,29.840923302664304,0
2.3403834762126294,54.88279151893853,1001.8292585753825,25.498028782607204,0
15.33819165879688,45.10366621782906,999.4892563379198,18.38771021628215,0
35.26992501954175,59.97894021853344,1023.0553522597456,19.2723089100054,0
14.089589115417203,49.549410629182624,1010.7020036942481,20.742967828698433,0
16.120548629363473,48.98989013322155,1013.1433205984416,27.088368492418933,0
36.39187032598882,82.70495631534187,1017.2009449045185,28.034252966078355,0
11.568196944761544,53.45464816794254,1016.5902015255593,20.0609558270599,0
23.680109074049525,78.02167818707514,1008.8263318639491,23.524550428810468,0
3.6132863788609697,71.68157420236776,1030.4463917325868,23.59490176364207,0
8.747517492021876,76.37449174371318,1010.8298294957563,23.457586057720903,0
14.647100020383288,48.73564098722842,1018.9985929983565,24.269565892341603,0
5.336772835701117,61.10610200427967,1023.2138329542939,35.442213864349625,0
10.749385471559503,90.12551144412988,989.693452364531,30.429633481613987,0
3.767450324524554,85.82828276996564,986.6425226098312,25.016877532985806,0
40.88565306533237,78.23318265728435,1035.1920127196179,26.259183753118094,0
2.493220576106955,56.24672962422157,1004.0465367763697,22.959495804198898,0
23.55789276632577,62.90722866475535,1000.155696255924,24.339564972404283,0
14.17760858989938,72.65132189953074,1010.0032335199321,24.748976914791275,0
31.477372689118486,69.31449653354831,1005.3500805124387,35.143144621349364,0
23.33557192114379,84.37714791407132,1015.8063640449013,33.79310242097567,0
36.172136226257706,75.42163055420988,1016.3834666692159,14.570920705383557,0
31.361908516638586,67.19695604724402,999.8075280540123,23.985096813021716,0
38.61684754346913,68.64812888513484,1023.2338558162741,24.077076683773424,0
32.54569034498877,59.52706700362586,1012.5717661868842,25.290113674041976,0
1.3864359120726946,65.864467106187,1022.4069614382269,27.480824527989682,0
1.3776731471825467,70.66401960023671,1006.932997052347,26.056418461397364,0
9.415083927944034,65.57831073550385,1026.4617826362662,19.61064094311405,0
8.631681178007634,59.669235003656276,1006.7565461028678,24.07737321172075,0
9.227196279414429,96.42533396188288,1010.1715345382221,31.44698431715012,0
0.16797707424233577,84.5200971241095,1019.5152199133951,19.311571647875915,0
13.232558188200489,74.02800979697213,1028.13009266004,31.98298445790632,0
27.866137218140864,76.21971977657174,1013.8382662792936,32.05229572601752,0
3.0240061536884815,86.1137085091699,1028.2618631736166,21.396801640840252,0
4.3376438892167375,77.9324695271953,1015.9657554514076,27.315923976337924,0
47.76906727891121,78.12111353308882,1027.4171676095004,28.920637954323503,0
17.29327070408071,74.65886888309053,1002.6747609647246,26.989635249734043,0
12.846086116333792,55.18253978619302,1022.3323244831563,21.848437603735093,0
5.528266162686913,54.87916784332078,1009.2949190140997,17.97216490410679,0
47.684259135377765,49.414380995508914,1013.3104489776235,26.11133066224121,0
9.651203132196539,62.809947078387225,1018.1079208852759,30.152902928120287,0
31.81639134416646,83.8990826206661,1002.014491591936,25.491550961190512,0
20.232603726475155,69.20757993137846,1001.2440539437515,20.524650788616977,0
4.237312365853914,54.80026246603411,1020.0118632607038,17.370351406137022,0
21.692350168233645,79.26812200696853,1018.5229993767953,28.128154668230003,0
28.613397482530402,55.75863509911353,1027.3473497966434,22.699618729332506,0
6.010657813564949,69.00418573615042,1016.4965004729969,17.175986143189725,0
0.7951870336109191,51.46984274280993,1024.6466520850158,28.353704729751016,0
111.23354472296745,65.61610357147346,1016.3505802908412,26.58077978591389,1
5.727225198418696,59.39059929046057,1014.2536531576517,30.80699393715703,0
32.86662235463189,57.83114321294211,1002.8331687142351,23.779597631628995,0
0.4536234656509583,88.22195585341578,1007.0243136423303,15.9398054943519,0
21.246108958993332,79.60800387446551,1019.2206999030604,31.64466659767705,0
28.735138918188433,86.07116952831237,1033.2004910692965,29.833802313044735,0
17.683079213838894,74.95860088938154,1014.4488783309689,25.119515216424777,0
28.271680562393993,96.53157674889131,1008.07856484804,18.22990820750798,0
18.169024668376622,61.702117248476696,1016.6764929299142,14.49986746174188,0
4.755904763751266,86.77686467271815,1018.4931564455823,28.459049109168642,0
1.0964745278393493,93.96059184928772,1032.5415743375029,22.471266478690318,0
22.635003501952657,78.37437512133695,1011.3962899941755,25.006898255039925,0
23.480771842829476,50.8484057180337,1023.1146303540836,31.707379577654407,0
6.439624779228672,76.06152482513512,1002.780258896092,18.969998994637653,0
24.42503427636977,75.60239904102583,1032.8706111169945,22.345145510940178,0
36.325192818455804,77.84618506003592,1026.3086718036716,29.23259045863669,0
32.47184577559071,77.49649657744034,1013.4351466864347,27.79069757259253,0
13.407983106552035,53.4522586403765,1009.8745726289984,16.726358617950012,0
50.84415163802003,78.08197238153893,1030.554756983155,32.865098626074285,0
8.76776328331348,57.88846897795578,1011.5099480063614,29.65785634340532,0
42.89707090303629,73.9190002619785,1001.6938466506248,28.113556119501343,0
39.755024493082416,67.50296307647156,1015.1187867865182,20.522219532268327,0
32.45454778835983,84.94012989083005,1015.5316523803798,29.10172006306228,0
72.52381723441354,87.88744838547206,1011.7988635678863,24.087895014237915,1
1.3873560728304928,62.730568539940535,1010.9414056911966,21.267108267298806,0
1.4736819271368207,60.10596597221151,1005.9513154618451,16.350510841365764,0
2.1289578398062665,66.53634619477667,1010.4382024750462,23.792512770646105,0
72.29533665998486,44.466801008799834,1008.3718431366049,21.93652677061196,1
7.115888739842574,85.77842585898406,1008.1279707880507,23.240393410917456,0
5.926736635124684,90.53882196132814,1001.6143262695037,23.10297750507079,0
8.390625889351181,74.9809787374661,1012.6856082962522,20.757856829045927,0
7.2027475185557845,90.28042714271072,1015.8218740743042,26.182089311799665,0
14.08451687456386,54.05473012634505,1016.4980002456791,19.979727015789948,0
6.394201891424888,57.300306267004565,1012.7534271926851,15.57116540622879,0
34.562313222889635,64.0929719733474,1011.8323408420475,21.822210792977984,0
12.26571159979007,78.12763134004476,1029.4115953909156,30.647367946719733,0
39.639470003156696,80.22536034855707,1016.9379729821625,15.36163710327195,0
36.66514364479272,52.234597415319655,1008.0061570140863,33.51348244173968,0
13.567893546702773,68.87883747774751,1025.4689171553473,24.689979953169843,0
8.969658329129896,65.90316471389632,1023.5443165497326,22.369188232262555,0
28.747286970940117,40.5356121664658,1010.5661602062498,23.500809018625596,0
60.50109024877095,73.9292552401197,1000.4489225074336,23.244018990981175,1
20.698402744452835,100.0,1015.9562448874709,17.416787252896043,0
9.309820694561635,56.6151191471733,1017.0208825820293,18.542371991158994,0
6.532424122102825,74.36279200265061,1006.9212473932419,22.304386484255108,0
34.94080320207032,75.70572172324466,1011.0915868135664,25.337468406236376,0
3.0863734076045723,76.67629707030102,1025.1795915230555,22.43401817743302,0
9.158046246973369,71.74259626114825,1004.5510154658953,27.007803041938594,0
3.8504232910403404,77.02473377408707,1001.9770785016358,28.40679755221474,0
4.9233192622348865,64.59028131900712,1018.3891918514373,26.480924023655067,0
19.74118223845174,75.62825435735743,1006.626922529712,27.29193351775742,0
12.26172987650191,59.28179487293694,1010.3829493232178,29.145649136680568,0
0.8176715752199795,69.5900209884086,1003.634936252104,21.661102217655568,0
5.440024013938879,68.95632686618161,1021.899875622171,32.955096528875586,0
3.3563578022459692,66.91347102955498,985.5249515727477,22.501349119241848,0
18.17194260081813,87.57493467670825,1009.3466404698753,22.003167530798404,0
14.29071620221121,53.349946421711095,1020.6820721663174,26.07698252728144,0
14.261039851194754,60.23750911555055,1013.0184595523101,25.281681434060605,0
11.531425935417962,62.317814014778,1010.1255248059964,26.436644522015047,0
0.5057748782264078,46.70301919946756,1009.9850263647912,26.245893358569486,0
6.59926234422498,56.59760149168588,1008.8380559511475,19.34965330479821,0
32.333860970316564,91.43675527826547,1006.8504956185167,26.62507068128271,0
5.408197321442336,63.30635988670373,1019.855077387902,34.24304416648206,0
52.94231505256959,60.40012274833826,1011.3377851528985,32.66927470516087,0
5.34257754488062,72.06766757321175,1011.0530270388332,24.679059114457512,0
65.13795391693863,77.58106410146496,1014.9584524701069,28.475103475441117,1
22.695152733625147,48.06662890465236,1021.691545924969,22.722302369880648,0
58.810289703630175,74.97012470169011,1018.3340085123756,20.18656483946023,0
66.1324697002486,55.28519202506622,1021.7604679252979,32.36335337875491,1
92.32228930835943,53.67520769456419,1000.2062950414715,24.45703514643778,1
6.0504604983823285,58.009773199359906,1022.9657051057944,22.66752310385901,0
54.81699967301965,62.9734922757945,1001.4530525736714,19.522995484953817,0
68.88818299506755,74.47587769849457,1013.852094496339,10.044320145496384,1
5.664735769140938,100.0,1009.277275157144,29.12374503286149,0
17.249839428761053,82.24010273161635,1003.5108347917517,33.73681598957779,0
10.29688238560299,65.94760011426004,1018.9392673442264,19.477943612442076,0
4.229483904224272,83.85955687876606,1007.7102229193598,19.717211786198735,0
11.240891393079774,73.4397119265197,1030.1266771283856,24.686677382337184,0
7.1318437980309195,42.24052537457722,999.3168496116718,34.93637999615404,0
3.5922373243662706,71.84265157810297,1002.9133599883318,23.613419717170096,0
26.41014044329653,80.72743601141028,1018.4347937867009,25.99905216859357,0
34.40526860311973,98.6412797844024,1021.0988932166111,23.916317427978797,0
7.914099051033851,82.88970686684459,1011.7729106640428,25.466861871383255,0
17.20091992637759,54.578553882671045,1012.0288179892485,25.74455037923186,0
26.854483729981208,59.808386156024305,1013.7203686128374,23.93895515049424,0
15.198216883766326,43.83503921082614,1018.8224447756376,24.67012689554595,0
8.53945890557428,76.75983333001982,1008.8639446657836,34.43843828670095,0
5.137151360723027,48.753495577057095,1019.5319311058031,15.672274494609388,0
34.69460695759323,85.42981569183834,1012.0636381126083,31.62898323771095,0
8.640877579596332,87.3034514298979,1007.813920209697,19.60968925018143,0
1.7698132345736297,60.449948574914316,997.8065392452315,10.839222009447155,0
36.76554186225306,61.666459780781075,999.9865647316442,27.42223302639469,0
9.710016285434195,76.92499442067044,994.3025830030458,23.057396124084953,0
53.928820507958086,75.04106751888503,1032.5717453363964,24.8658407814547,0
10.476464725813395,62.29242074735842,1017.5350871255447,20.088529828726603,0
70.91353475526076,95.85198010100655,1017.9908556546594,24.32599564246395,1
2.4740764959332435,59.40159131749791,1019.1021616958923,25.784864804842172,0
21.681040067660525,66.75321665842829,1006.6971355593486,14.07351576332547,0
35.87250543212613,87.15755089630586,1017.2548993324023,30.98623461822614,0
9.350787604305564,63.021747000728794,1010.1120469730051,19.653565722905874,0
22.529307700499658,43.19581402990228,1007.4445322051313,26.021945158014884,0
10.059110667654142,64.34433746298613,1009.5038500996445,19.00070138910201,0
42.29395038479039,65.6161717683424,997.8552969081924,26.607966056696192,0
13.960271532276165,75.30321794798014,1010.4406943833025,31.852048469919332,0
10.323820944966652,91.44186703066012,1015.0232879642281,33.15928449544555,0
22.62920267964171,94.39570608502949,1007.9738038616824,23.50701631195187,0
35.786813805583186,74.11041029008128,1025.0053165847387,25.701799349240236,0
11.28810450195367,80.9835176069898,1010.8660778139285,28.273383087411567,0
13.233767669992872,62.90102429750427,993.4889813596137,25.717939682525802,0
17.021402022541302,66.61514945172897,1012.1439191052875,32.53816779456842,0
8.487029717142814,59.617716818846645,1023.4172466405885,27.917721515059437,0
58.657495049703954,90.20004585632299,1008.2565455809653,25.367172596205595,1
21.547154416096234,64.95432005334393,1005.7039753019259,26.807086586365514,0
55.78405011178066,76.65252580876788,1001.4813161541323,21.424890659848785,0
15.813371902895456,54.57135211740812,1001.3821615608764,23.584305516281166,0
3.749168215421764,92.44153350138339,1008.2401139761363,20.797645321570347,0
0.33463355475233053,66.62881569227523,1023.4870712641656,33.27703556544148,0
3.5590808970487426,64.39506882603744,1007.9272858940619,22.03048413989849,0
0.8037737706170833,68.40667759236983,993.906439124927,31.591511624263347,0
0.581418433592142,67.26372796690691,1013.3107596687502,21.61664598375993,0
0.8218156755093482,85.06889363689736,995.6879869655507,32.47469113726618,0
72.84023290659967,43.99260468274498,1016.4095269022163,19.902468988079065,1
46.91889179494321,84.01641674846961,1021.467707752165,14.363862898242523,0
1.037934872196247,88.15365250760314,1010.3098345358518,22.045914506320976,0
5.125711390787284,79.82560920672684,1011.8933463144267,20.516788863423958,0
8.233314212377133,80.16039282529633,1005.2496581057627,24.945310814919022,0
11.671763068455398,60.13772593050484,1002.6145617915603,16.843620922695273,0
15.09792362960929,73.78251025713364,1001.1393076860058,28.04221034737096,0
3.34235220819778,80.7147840381048,1008.4090968978101,21.526998154184277,0
8.95935548147312,95.47139359500599,1004.3492857282887,32.83898065598236,0
4.299424294130878,57.10749940299735,999.8286808005341,28.880139569217377,0
43.44624912940855,65.31225758986494,1019.1002316978445,22.65429317460451,0
5.50273089236741,48.57777256832354,1022.7531245847798,27.578140442219784,0
22.361537873771606,64.36759170471674,1024.823528440918,27.40891853930642,0
8.940575837911874,59.56207869782837,1001.0321135357369,29.468488446945553,0
1.6943812500787652,79.07835551527383,1024.1543329738113,30.26395778451357,0
6.834024283884242,73.35622479361459,1035.8165183653884,21.911791615331516,0
10.593050724098019,42.45892018746191,1005.1550935675789,30.72303141025045,0
4.501117022047718,73.1456994879605,1014.8517553682991,27.12722432092086,0
34.66300626820313,92.04373806041329,1015.9542728656488,28.317238645757556,0
5.834507134943143,59.1363020191249,1022.0039858839507,27.25612659659254,0
7.840991325684686,83.52435064089046,1029.8844215574613,33.116315927431,0
17.130231612243637,83.75972742038164,996.4337679232223,22.377759318686742,0
29.270535772460015,80.93363733344174,1002.6273425903727,28.09315060054871,0
27.493503887127012,50.255949383888506,1015.837510236615,20.060633295496253,0
37.86872306742176,65.70747044968044,991.8513370498301,23.9548945017432,0
12.522370270944936,78.00227615236791,1002.2914758131556,34.55709543569861,0
15.887887914672515,61.812361210433835,1004.2974377648277,26.09555300017205,0
1.0346419940695954,71.1571717882469,1014.8471047478108,29.689577687553275,0
16.59857145458272,58.40374816644278,1013.0050006503363,25.981522084621776,0
8.339377613043998,58.03279377493996,1011.2719826260353,28.859600774183377,0
3.0929167510138744,55.03488140889027,1023.3664682941926,34.50779627556835,0
46.10459397808589,73.6722906084181,1019.386601686431,30.290591625435752,0
22.765772693582527,68.26519647177653,1015.5258992737909,28.26323203588539,0
20.08668554180705,52.93468815173899,1010.6188956368794,25.230013736266372,0
26.09635612045055,87.47548157259186,1000.5440608838544,15.14999772290563,0
2.8907205475046482,80.63078010276897,1015.3144592252557,28.232447688628852,0
2.183669942528482,93.02723080011323,1006.4304482360159,23.1122267179552,0
0.0006143863443161899,74.15084458882474,1003.8372589943627,31.77721400552748,0
5.8735020733335395,70.37286255626904,1009.9954513118225,28.042038768996132,0
1.7778567818186026,100.0,991.4761645539082,29.38227822751468,0
18.685799050783295,49.16637743456339,1007.0489656135228,23.585566397401873,0
2.032789707668261,60.71390895224187,1027.1853134514804,12.560956717324602,0
41.36900792250696,61.57080628457348,1023.1464538643941,20.911422621349345,0
22.325788005109388,45.510958814690156,1001.4664948940404,30.686572711823647,0
2.859169171018889,56.24608682005106,1016.2662421756513,33.66024645684041,0
24.120264116897925,80.54322697892682,1018.3200619882194,26.808305306235084,0
13.861303357053123,81.175458443692,1027.3944571515315,22.702255294191218,0
19.199938907486235,43.9283254068192,1009.3853723330601,27.082230190507264,0
2.6831984283982897,100.0,1006.5780534746573,20.733483465868332,0
1.1743507517392473,71.27926350240028,1014.9613145902391,20.47965855132,0
15.7203817632581,79.86047445084357,1000.2959125602057,34.85432135358899,0
5.815388055631175,69.70796951384354,1022.1377162138558,17.271351066546334,0
45.642965776559066,75.17613065418776,1025.8650311907193,20.98922704245178,0
20.486737461892893,90.49231942410472,999.3417584458456,24.255153451163515,0
24.195678047107595,39.61872875019281,1021.0892472227902,23.12909862004908,0
29.093803893528715,67.66651458217247,1002.7363079233411,31.150002863595752,0
22.519437575405252,91.38842124436883,1007.2095466383186,13.718750326258867,0
54.58442943068541,52.32339479709931,1007.8060362817388,23.2954606132696,0
17.5675286485524,68.67933296235934,1016.3825248752918,24.09307298445357,0
14.10162839568141,62.584684932149244,1017.581681147887,20.101393876415965,0
121.9310709721432,39.02563918622897,1006.1400195828057,20.361079454696196,1
42.958451128251696,66.40934722736628,995.0610750213211,18.222762484438555,0
21.557982281535516,99.89248937905045,1005.2070440047856,25.86263391461545,0
61.82985979456845,77.66294483722477,1012.22556539274,19.023531182003776,1
18.41635596915969,43.0489298053292,1027.9037947019299,20.833132206022825,0
9.943137713213623,64.57617129136611,1018.0596555345586,21.358638987966934,0
4.684871978007232,71.2118744458297,1006.1894483938532,29.979359883294638,0
17.206792628377677,73.82495126011898,1024.059004243573,22.180262559708783,0
15.54270525809384,71.85876139513967,1005.0829064943241,23.978523333490816,0
7.028796334648795,82.05878996321081,1012.2602713640562,24.62167197837085,0
11.339860611906358,58.65514863057138,1014.7255019180419,31.01238873826504,0
1.6716925216108434,74.75720477065713,1035.714497454228,22.978012884080194,0
35.281279818708484,59.39905354721141,1021.986484586849,27.797885307552335,0
0.8223890830146617,57.79704475950646,1017.3597538950005,12.338769573901573,0
17.380760022316515,72.8014308227236,1017.7266305607671,31.89581294098749,0
60.12891757812204,68.74929783342301,1006.2506598120945,22.984620054674846,1
11.591214844976143,51.02970352365912,1028.2929655083954,25.658222834596423,0
46.53822705668396,61.156489240113984,1000.0737465284774,22.33915718436405,0
11.688630447439305,74.88761278221887,1025.0834781757355,30.70732158986125,0
16.17955857887448,61.61005092794132,1017.4419832729067,30.50661478867881,0
30.6871165245739,47.176047360509955,1030.4673893750835,25.258919255994766,0
18.58192337963699,78.65190735870726,1018.7374442100441,18.61847791730832,0
16.95431593007745,91.00599692192924,1018.5422470394604,17.27811323325807,0
21.96356625856619,71.98409185746132,1011.8849117285706,20.975167595737197,0
3.5673897319889396,62.24225374290897,1007.5183364403075,22.30881907004423,0
10.143095422915184,67.96217925417633,983.7055130999773,35.26486012250832,0
9.650727959487726,67.03346432941578,1014.8911121660394,21.361638225718877,0
1.4762826208784325,70.14197791034023,1029.9572287781086,34.486443473865556,0
42.080179348619076,78.20441643194935,1013.6884573128385,35.5183655153086,0
0.9331371426792876,78.94595603676481,1008.4545228125655,23.90673361282482,0
3.7238706216747857,45.43592623814992,1014.1960026266711,26.595801450459952,0
3.0760011101690217,71.96531143118047,1022.778155496862,14.471765290798377,0
1.5972791472624923,53.29721151358011,1030.7016761564728,11.79551160328147,0
0.4859572296171013,65.14843198683094,1002.8940178007109,22.423908030958785,0
2.0722229139925514,71.65584458661546,1018.0742092783329,20.420376363687865,0
9.989378105342606,87.01442190832319,1009.7298268239023,23.93271610324781,0
3.945414110476706,79.31121332919136,1023.4018856479275,17.97999351809451,0
51.13259498215055,100.0,1011.168495289467,23.216634329100643,1
8.61374621543159,77.54072337659886,1009.5170654641854,22.519738437301278,0
10.19427751304753,78.93466086354579,1016.2297450361767,24.694980140723082,0
3.9907843058087202,61.03864952285158,1023.7790173945333,22.22972353293608,0
17.272056955616403,93.98735026792922,1017.3477006455689,27.377153412633117,0
40.261571248526984,72.3957659302315,1009.3375830252182,23.749060833964187,0
15.907515009003133,53.950597651111266,1018.0274480749082,12.533645898349612,0
113.25075007210891,75.97673684286819,1004.7160254520635,19.994688933077835,1
3.4570132734730623,65.7447295948277,1007.1821796660795,19.130600177955138,0
22.125976889339725,30.59401964787751,1007.7859890818124,30.713499581175917,0
17.141267769584942,44.01183963468469,1011.9656877570972,18.80473648736679,0
16.12505338974355,49.04598862798061,1016.3869836883919,31.02337219996852,0
16.597349437534447,60.638519315114344,1021.794170411374,19.613119615076208,0
16.75841664309887,79.85420668486418,1021.2806607637237,23.68927428066047,0
2.8585277695046765,100.0,1007.6854544864078,17.16070287317272,0
18.290809639429813,42.28887423208128,1014.1955692459849,24.991317383621524,0
6.726972564963659,66.58168027674007,1019.4054293507477,25.615391008280906,0
3.833122180336847,56.63172249839874,1012.3815991603932,29.262979016475512,0
10.463549367425337,100.0,1022.5838581984204,25.2583048842554,0
4.370442489310927,84.04313514369925,1014.8481030248973,31.265444586510384,0
11.230920710735472,75.87505923422907,1016.2078572593268,25.97025971802937,0
16.978388461896127,61.41708894559835,1005.0998719791893,21.853239501566573,0
7.317642558294747,58.76176574366616,1034.2477140301696,31.656695309942016,0
11.119938033674174,59.12354918538733,1015.0001485117175,17.554267910504358,0
6.6615234932542275,71.41186401683915,1025.3958400644156,23.0188516094912,0
0.27918225128475255,90.0538065634707,1024.8256572706086,24.463226046429916,0
16.62937260979334,84.99128549016866,1025.592332397868,30.732204352003638,0
53.688744881093996,79.7424604728886,1009.3608060651036,23.616820654192768,0
4.985927993408824,76.76337062818773,1033.4981209578593,25.003414094787413,0
5.464183152254719,81.87694619205206,1020.8581200929681,20.966268098952554,0
4.7066071293658345,44.60977576733595,1013.3402741107224,25.556863009200264,0
54.52750590870811,85.06564952144699,1005.9946317199046,28.800591881281804,1
67.41664717753157,85.81618168329118,1003.1419619133218,23.579224510356013,1
22.277088800950658,77.96644903426912,1029.22498340901,25.111019672713184,0
7.48484517960105,48.08612592022514,1031.9776701674598,20.260536413655068,0
27.346684336244266,62.479460924982725,998.8194007803106,20.83352520878755,0
30.59287886733093,60.425845514542786,1010.6403001278903,28.720928551575174,0
27.82846377187728,47.377182184691065,1001.430215248577,24.884875727767493,0
2.3085226586207668,59.06982899581314,1004.8899913637116,19.429767749190034,0
33.09145926017286,64.33986884578285,1020.1728358115878,22.17509044483962,0
23.444499315906583,76.34818561685526,1014.4936348227119,26.820701480273307,0
8.057873813985314,100.0,1013.0882813826739,19.768225633148123,0
7.4811906707754305,70.43654062487533,1016.7334855971139,26.561891052332857,0
2.9537662164381406,68.06651223822716,1016.4065413641214,31.015239261029624,0
33.42054742139349,81.63135599634062,1011.5785346305945,26.69343658960845,0
39.11002356289164,76.02878432760885,1005.7803667287487,29.227630499426056,0
5.81546319580913,87.2682946117842,1012.3531139496748,25.364370490077576,0
1.1025345791138244,66.94409307937603,1031.0651621066202,23.24644777688252,0
3.6851547237879827,85.74991251175852,1014.7869471681048,31.146073921485254,0
4.194573499266711,71.36651299909184,1031.0653467145933,20.69903652288751,0
35.28782639932176,100.0,1018.3335924470545,29.197342522592024,0
2.2276025532631953,77.0957639234982,1022.3732729182087,20.108388962040287,0
42.285555757949645,91.10171283682058,1007.2825395804393,26.663037551620988,0
10.477475449795833,71.09086941104931,1014.8729554982322,18.072858659427546,0
5.721448405788696,81.89928107747687,1011.5962494109466,26.538063340945982,0
29.87806330962544,54.66121974591863,1009.970386231257,25.1194754849315,0
74.41055524137776,66.03743485126999,998.6409047613147,18.420920917862464,1
8.434683222949204,29.165833886152832,1022.4254522845347,25.076135103087246,0
14.175689695524124,85.71776697197735,1011.1855093075249,24.468314987343426,0
21.7621283208722,46.69858302299811,1030.4587133613516,31.996416706350253,0
4.355973216970655,64.27101592411952,1017.968735905076,30.34885727491925,0
10.859049980151806,45.16946677891298,1010.1449630302889,25.42161913621117,0
7.738399032231565,94.7685486803093,1020.9317568821867,24.389714339393613,0
8.462915069717717,48.86339608366035,1008.9136408746333,27.394093741065376,0
3.6740004242973563,80.19363527740961,1016.216785413765,25.8402990298341,0
11.261187939093155,70.5085117618819,1002.5815245455947,18.832512080275485,0
19.421836277527298,47.65543867845836,1007.1407232668224,26.64553389355065,0
0.7247800582298397,68.4026817522918,1008.4620751483592,22.130349960163212,0
11.746338152728043,86.39855661373315,1014.0343812930811,35.21038020071872,0
39.529857430761325,66.813566051343,1028.0421428282991,24.949171396286115,0
86.69667168640787,74.44546658881954,1004.8698562773988,29.116399578388528,1
15.460913741720839,74.32616723074092,1007.3730797555977,17.894234299271893,0
34.17072492208756,62.242943793268566,1023.0182485368193,22.512145808073964,0
0.011962353430257713,54.043155758469524,1005.1015256095075,26.17694130274006,0
6.888183054948225,50.11309342968629,994.6885512166165,18.857780843671186,0
41.734145465910686,69.76123232496637,1022.1601031979109,21.388655581730568,0
61.32433058149837,65.32019487027993,1011.4967953972813,23.36651893406818,1
7.078323661283407,56.191256589911816,1008.0750960916633,23.076022329134673,0
20.152044594901334,74.3294822634757,1014.8106274277109,31.516390186580317,0
1.6210889777456494,66.95623805484333,1015.2035182927355,32.849332181299836,0
54.6045412460405,71.02955572641574,1011.3566479411461,26.060466765370876,0
6.686650827980435,57.21697553017624,998.3723369288888,29.663718041727893,0
3.484205170773817,36.50081770966354,1004.0721248450811,27.56807232115548,0
